customer_id,customer_name,city,email,phone
1,Omkaar Wali,Danapur,mahajanoeshi@example.net,+918296845429
2,Xavier Kata,Panvel,karan62@example.net,1228009466
3,Yochana Deshpande,Cuttack,edhitha58@example.net,5955617094
4,Hredhaan Maharaj,Morena,turvi71@example.net,+917337172146
5,Sudiksha Dubey,Panvel,benjaminchand@example.org,1094278287
6,Ekta Agarwal,Rajahmundry,doctorupkaar@example.com,+910641519766
7,Gautam Ravi,Sagar,bsarkar@example.com,3183554469
8,Jackson More,Bokaro,banjeet02@example.net,+918005365888
9,Aryan Sem,Panvel,odevi@example.net,07565718136
10,Jack Muni,Kirari Suleman Nagar,pooja95@example.net,06917752338
11,Pahal Merchant,Ahmednagar,jeevika75@example.net,+913188144728
12,Faqid Buch,Noida,saanvikrishna@example.net,+919032806734
13,Raghav Tella,Ahmednagar,chanakyachatterjee@example.org,09502765876
14,Vasana Mani,Dehradun,nathanielkannan@example.org,02370586009
15,Jagat Natarajan,Tirunelveli,vedikasubramaniam@example.net,+917654740083
16,Rajata Sen,Sri Ganganagar,hkhosla@example.com,+913948248495
17,Abhimanyu Sodhi,Raichur,ywadhwa@example.org,+914520028203
18,Jeevika Lalla,Bihar Sharif,vrishtikhare@example.com,+918104530569
19,Aayush Prabhakar,Buxar,lallaraagini@example.net,+913029747288
20,Faris Viswanathan,Ujjain,boraaahana@example.net,+919503605613
21,Advik Basak,Rohtak,daveekalinga@example.net,5079611995
22,Ganga Gala,Gandhidham,ansh79@example.net,04154820468
23,Indali Shankar,Purnia,hthakkar@example.net,+915104799988
24,Vedant Jain,Deoghar,etachaudhuri@example.com,05048877491
25,Zansi Bhagat,Firozabad,siya58@example.com,5787297779
26,Dhriti Samra,Hyderabad,aashibarad@example.net,01214706234
27,Damini Sharaf,Noida,pkonda@example.com,3340859731
28,Dalaja Vora,Bellary,warda88@example.com,04500230590
29,Lipika Sem,Coimbatore,mohammedmuni@example.org,06933233007
30,Daniel Varkey,Bettiah,tristansachar@example.net,6998762691
31,Chatura Dubey,Gwalior,oliver02@example.com,08421711917
32,Praneel Buch,Bharatpur,sathepushti@example.net,06778905866
33,Kabir Dubey,Solapur,hemalnarayanan@example.org,9945643588
34,Udant Dhawan,Ramagundam,gaurangkadakia@example.org,+913394983777
35,Irya Mittal,Tezpur,gkant@example.org,07622751899
36,Dakshesh Parekh,Karnal,arjun64@example.com,8950332351
37,Idika Grewal,Gwalior,urvashiradhakrishnan@example.net,8484335570
38,Balvan Wason,Rajpur Sonarpur,ekbalkothari@example.com,+912305860024
39,Jason Vala,Bhalswa Jahangir Pur,pahal23@example.com,5581964496
40,Damini Bora,Amravati,yahvi82@example.com,1243658007
41,Udarsh Keer,Jalgaon,prishasoman@example.org,+917172560035
42,Chandani Rau,Mangalore,srinivasjanuja@example.net,9973072602
43,Rayaan Sanghvi,Nagaon,yogibhavya@example.org,+912892000170
44,Oscar Dewan,Buxar,karchristopher@example.org,01938782043
45,Yuvraj Soman,Tirupati,sastryjeet@example.com,09440701304
46,Eta Nagar,Lucknow,venkataramanmanbir@example.org,08653742317
47,Gagan Dar,Mangalore,ryantara@example.org,2138189942
48,Udant Goyal,Srinagar,modikamala@example.org,+917793535572
49,Radhika Kaul,Tiruvottiyur,chauhanjonathan@example.net,+913747342863
50,Hema Vohra,Chennai,raaginisami@example.com,00284161651
51,Leena Vora,Udupi,pwali@example.org,06592941070
52,Mitesh Ganesh,Dharmavaram,ukapur@example.net,9820644421
53,Vinaya Sheth,Madurai,balvanthaman@example.net,08120217410
54,Meghana Jani,Ramgarh,borravritti@example.org,09511891463
55,Madhavi Sehgal,Muzaffarnagar,aishanisandal@example.org,05176578304
56,Guneet Pingle,Agra,chanchalsachdeva@example.org,03050353552
57,Christopher Bumb,Bhilwara,voraayushman@example.net,07816326496
58,Jonathan Zachariah,Ambattur,libni67@example.net,9861659414
59,Indrajit Toor,Deoghar,cmurty@example.com,+912355719827
60,Lakshit Dasgupta,Faridabad,fwable@example.org,+915542692006
61,Lakshit Sanghvi,Jorhat,hnagar@example.org,09392102484
62,Utkarsh Chaudry,Baranagar,kulkarnifalan@example.net,06831793025
63,Simon Thaman,Jalna,seshadriraksha@example.org,09101488549
64,Tanmayi Seth,Kumbakonam,dominic32@example.org,9664110111
65,Bhavini Mittal,Tirupati,bsheth@example.net,+919944965434
66,Riya Buch,Begusarai,pratyushshankar@example.com,09430437831
67,Bhavani Dass,Udupi,neelima80@example.net,+917310264294
68,Utkarsh Nayak,Guna,urmi89@example.org,1449594168
69,Warda Thaman,Kolhapur,ekbalatwal@example.net,+912469394728
70,Chaaya Bora,Anantapur,pkamdar@example.net,7007340623
71,Manan Varty,Yamunanagar,williamkadakia@example.net,5964092469
72,Aahana Varkey,Suryapet,baralurishilla@example.net,+914719357752
73,Vivaan Dhar,Bhilwara,sankaranunnati@example.org,4768419274
74,Elijah Saini,Guntur,omya91@example.net,+912819566024
75,Chandresh Tripathi,Vasai-Virar,mohantytriya@example.net,6701581859
76,Zinal Gour,Ajmer,vrishti30@example.com,00649427801
77,Jatin Chada,Sultan Pur Majra,chakradharbassi@example.com,+917421901094
78,Hitesh Handa,Sonipat,libnichakrabarti@example.net,+913355472450
79,Kritika Halder,Kalyan-Dombivli,nigammitesh@example.com,04276709975
80,Anthony Goda,Pudukkottai,ekta27@example.com,+916768444945
81,Sudiksha Rastogi,Howrah,ochahal@example.org,+913825738847
82,Naksh Shetty,Raurkela Industrial Township,yatan81@example.com,+913920872741
83,Jacob Oommen,Dindigul,qkamdar@example.net,6036420541
84,Hema Ramachandran,Bhagalpur,balansanya@example.org,9059497722
85,Alka Bose,Ramgarh,swaminathandakshesh@example.com,+918288448949
86,Gabriel Borde,Lucknow,kashishdin@example.net,+912760421614
87,Zayan Pandey,Tadepalligudem,sdasgupta@example.org,07108550979
88,Qadim Muni,Surat,mbassi@example.org,05453265465
89,Suhani Rau,Amravati,xpalan@example.net,+916144755797
90,Janaki Narula,Mirzapur,geetikadixit@example.org,+911356062582
91,Abhimanyu Gara,Rampur,lakshit82@example.org,01148665862
92,Bakhshi Walia,Mysore,samaksh97@example.net,4518850401
93,Osha Gopal,Jalgaon,devansh12@example.net,02399182668
94,Chaitaly Kala,Patiala,mukhopadhyayganga@example.com,6136002329
95,Watika Zachariah,Varanasi,ekta56@example.net,+914690121403
96,Garima Badal,Gandhidham,bahadurjit95@example.net,03101141231
97,Joshua Narayan,Adoni,jsinghal@example.com,+915387727509
98,Lucky Kata,Farrukhabad,bumbwahab@example.org,04875776075
99,Bishakha Bobal,Siwan,manan46@example.net,+917916225164
100,Bhanumati Raghavan,Dehradun,kadeishwar@example.net,8850420384
101,Chameli Dhawan,Pali,rajchatura@example.net,09063869056
102,Yashvi Sunder,Ambattur,advik78@example.com,+915145500772
103,Deepa Sood,Aurangabad,eesha48@example.net,07205309315
104,Dev Memon,Medininagar,chanakya59@example.com,5375677161
105,Wyatt Roy,Orai,dalbirmitra@example.org,6546907328
106,Tanish Grewal,Kishanganj,yagnesh15@example.net,5398567067
107,Thomas Jha,Bally,fkrishnan@example.net,04257415109
108,Vritti Taneja,Vijayanagaram,ykashyap@example.org,+916879907967
109,Harita Dani,Rohtak,victormukhopadhyay@example.net,01223777533
110,Indali Wali,Nangloi Jat,advik76@example.org,3347969372
111,Suhani Nagi,Silchar,mborah@example.com,+919381259100
112,Osha Chana,Khora ,farhan04@example.org,4282994710
113,Ekansh Yohannan,Tadepalligudem,watikaparsa@example.org,7519511224
114,Vasudha Mitter,Dehradun,dinbalhaar@example.org,07016447333
115,Vrinda Sarna,Bokaro,neelwali@example.org,6161831557
116,Falan Srivastava,Kottayam,saikrish@example.net,9690462373
117,Deepa Kalla,Bulandshahr,sherelogan@example.net,9251800899
118,Yashica Bhattacharyya,Panipat,pantyashawini@example.org,7762153578
119,Darika Som,Bhusawal,aryakakar@example.net,+915177512895
120,Nitara Balay,Rourkela,anamika89@example.com,2812630229
121,Tamanna Dey,Rajahmundry,mallickranbir@example.net,+917562904090
122,Yashica Sen,Medininagar,saanvi97@example.com,09536354862
123,Amara Shukla,Thanjavur,meera76@example.org,4106107672
124,Yamini Randhawa,Kollam,diyarege@example.com,6509175548
125,Pranav Korpal,Danapur,cbalay@example.org,+918518416066
126,Sudiksha Jain,Dharmavaram,lalasudiksha@example.com,06722135844
127,Neel Chaudhary,Ramagundam,jmander@example.com,9193200612
128,Kamya Korpal,Salem,yugchaudhuri@example.com,08583295707
129,Anmol Dada,Mau,pradhanyasti@example.net,1382735877
130,Anita Mall,Hapur,samramason@example.org,+912434134297
131,Vyanjana Mandal,Tadepalligudem,chakradev74@example.org,+919763451696
132,Tanish Trivedi,Raichur,mchopra@example.com,+916734269119
133,Vivaan Menon,Kakinada,bhattifaqid@example.net,0442802469
134,Vrishti Guha,Baranagar,shaekavir@example.com,2361324337
135,Diya Master,Maheshtala,memonthomas@example.org,5478354614
136,Darika Lal,Pimpri-Chinchwad,girindradara@example.org,+919674759584
137,Irya Datta,Haldia,nhegde@example.org,+912816643762
138,Indira Goel,Muzaffarnagar,salvihemangini@example.net,1681752779
139,Chatresh Aggarwal,Katihar,nakul54@example.net,5115021700
140,Gautami Lala,Visakhapatnam,upadhritibhandari@example.net,2436404997
141,Vaishnavi Puri,Kamarhati,dugaroscar@example.net,+911782211829
142,Zarna Mallick,Chittoor,gangulyhredhaan@example.org,0269313176
143,Liam Anne,Gurgaon,bgandhi@example.com,+915733833092
144,Anthony Nadig,Anand,joshua46@example.com,7208938780
145,Vaishnavi Anne,Aizawl,owenthaker@example.com,+912411742915
146,Bahadurjit Sen,Dindigul,tpurohit@example.com,+915683350809
147,Pallavi Shankar,Chandrapur,wpalan@example.net,06664514224
148,Balendra Date,Ambala,veer00@example.org,09347713285
149,Faqid Mangal,Dehradun,hiral62@example.net,+913217591406
150,Yahvi Dhar,Darbhanga,nishasrinivas@example.com,08580225147
151,Vasudha Merchant,Saharsa,modideepa@example.org,+912847007948
152,Rudra Krishnamurthy,Madurai,xchoudhary@example.net,07987516267
153,Rajata Khosla,Mahbubnagar,arin88@example.org,0850384907
154,Wahab Char,Chapra,zilmil58@example.org,8670125656
155,Laban Thaker,Tiruchirappalli,chaitanya38@example.com,08916317590
156,Mitesh Patla,Surendranagar Dudhrej,hemanibava@example.org,04223573062
157,Reva Bhasin,Raichur,qwalia@example.org,07152067141
158,Ayush Gade,Bhopal,forummangal@example.com,7259129624
159,Pranit Narang,Serampore,neha37@example.net,1243631592
160,Pranit Rai,Gandhidham,mohammedkohli@example.net,0478500900
161,Idika Virk,Phagwara,omaharaj@example.net,+914639079076
162,Aahana Nazareth,Vasai-Virar,dugaltejas@example.net,08671299145
163,Jasmit Sathe,Guwahati,reddymadhavi@example.net,+917742419495
164,Charita Jhaveri,Jammu,avnisubramaniam@example.org,06481034624
165,Varenya Gola,Asansol,kbadal@example.com,08537855745
166,Baljiwan Vohra,Pudukkottai,hariniviswanathan@example.org,0767838540
167,Sai Badami,Karawal Nagar,rprashad@example.org,1908313244
168,Nidra Tank,Mau,oscar77@example.com,+919142486660
169,Widisha Bail,Udaipur,manimanan@example.net,3249295092
170,Hitesh Chopra,Fatehpur,lekha27@example.com,2922815317
171,Ekani Jayaraman,Ramagundam,xvarty@example.net,1646341980
172,Naksh Morar,Mehsana,jai69@example.com,03058136710
173,Agastya Chacko,Tiruvottiyur,chakrika95@example.net,07687476451
174,Riya Solanki,Bareilly,vanshamammen@example.com,0399659995
175,Abhiram Oza,Tiruchirappalli,ubehl@example.net,7154638253
176,Jackson Nayar,Karawal Nagar,reva31@example.com,9775522492
177,Krishna Chander,Gaya,omishahari@example.org,02530653940
178,Bachittar Sengupta,Jamnagar,charansachdev@example.org,0806690703
179,Arjun Bala,Howrah,zansi29@example.net,+916378173978
180,Nathaniel Rana,Morena,bhatiashaurya@example.com,08718680206
181,Vidhi Tiwari,Panihati,dhritirajan@example.net,05188059692
182,Bhavya Parmer,Kurnool,gautamisama@example.net,+910850999374
183,Baljiwan Deep,Bhavnagar,omodi@example.com,2526707248
184,Kritika Chadha,Ballia,mitali30@example.net,08431508447
185,Jatin Borra,Hubli–Dharwad,aarushtella@example.com,04079800207
186,Ati Khosla,Yamunanagar,fissac@example.com,05164081316
187,Jeremiah Chaudhry,Barasat,ayaan72@example.com,09979006284
188,Harinakshi Chhabra,Purnia,cheemazinal@example.org,3654110778
189,Ayush Setty,Kulti,wkade@example.org,+919858618369
190,Arya Dasgupta,Ballia,ayush22@example.net,04109115841
191,Quincy Khanna,Berhampur,nbarad@example.net,7807128794
192,Yagnesh Dhingra,Kishanganj,zsharaf@example.net,1115257781
193,Isaac Panchal,Farrukhabad,hritik01@example.net,3088372272
194,Tanvi Vig,Surendranagar Dudhrej,jackson28@example.org,06247302546
195,Anita Lad,Anantapuram,advikkar@example.net,+914404573685
196,Lipika Kala,Shivpuri,bdalal@example.org,+912400837146
197,Sanya Aurora,Hosur,anay96@example.com,2834773203
198,Sara Swaminathan,Maheshtala,wriddhish38@example.net,8629841502
199,Charan Biswas,Jamshedpur,pranitbahri@example.org,06497769366
200,Bhavani Sankaran,Nanded,yachana64@example.com,06497765731
201,Meghana Nayar,Farrukhabad,hloke@example.net,9989699447
202,Faraj Sridhar,Aizawl,hemangbhatt@example.com,+910282167742
203,Eiravati Loyal,Patiala,wyattshankar@example.org,06534675198
204,Garima Ghose,Gaya,nvasa@example.org,5886865368
205,Daksh Sawhney,Baranagar,harshil85@example.org,4324998441
206,Hitesh Pradhan,Ludhiana,bbose@example.com,+911839751076
207,Samesh Mishra,Bellary,hagate@example.org,6552188107
208,Christopher Dara,Siliguri,choudhuryjeet@example.com,08531403453
209,Isaac Kohli,Hyderabad,dsinha@example.com,+915776182810
210,Prisha Bajwa,Udupi,kritikadara@example.net,3733587654
211,Nakul Kala,Navi Mumbai,jagdishshenoy@example.com,5101022647
212,Yadavi Yadav,Panihati,aarushpadmanabhan@example.net,00928944197
213,Jasmit Khatri,Ahmednagar,reyansh71@example.com,6199973491
214,Janani Chaudry,Guntakal,fluthra@example.org,0063899029
215,Wyatt Gokhale,Kulti,mitalmegha@example.org,+913046830765
216,Aayush Bahri,Bellary,gabrielchakraborty@example.com,+915172747196
217,Jyoti Mall,Dindigul,tchaudhuri@example.com,06974581804
218,Amaira Mukherjee,Karawal Nagar,yoshitasrivastava@example.net,+914826530537
219,Sneha Shanker,Tadipatri,deshpandesanaya@example.org,08328177321
220,Bhavani Handa,Pondicherry,ikshita41@example.org,07839044874
221,Manan Bumb,Nanded,isaacvala@example.com,+916057326649
222,Victor Varughese,Jaipur,minhasayaan@example.net,06335737486
223,Gayathri Sur,Kurnool,ojasshah@example.org,3450214872
224,Matthew Sachdeva,Jaunpur,rbatra@example.org,08536262733
225,Gautam Bahri,Akola,aayush46@example.net,9310663949
226,Hemangini Puri,Rajahmundry,mugdha57@example.org,08391678339
227,Idika Morar,Bidhannagar,deolhemangini@example.net,+916864255748
228,Bakhshi Pandit,Darbhanga,jverma@example.com,+910952700749
229,Jack Suri,Etawah,venkateshandrew@example.org,+913859462678
230,Tanveer Kara,Amroha,falan87@example.net,2332349700
231,Triya Grewal,Bhubaneswar,ayushman62@example.org,9404205221
232,Lohit Nadkarni,Bikaner,parth18@example.com,8124256506
233,Qasim Doctor,Katihar,zayan93@example.org,6168375991
234,Brinda Ghosh,Sultan Pur Majra,mohammedgour@example.com,+910424267836
235,Vincent Chada,Ramgarh,xalakbhatti@example.org,+915692115055
236,Xiti Soman,Raipur,urvashiyohannan@example.net,+918408766876
237,Nikita Issac,Bardhaman,majumdaryashvi@example.org,02205585729
238,Victor Barad,Haridwar,xhora@example.org,01158440918
239,Patrick Balasubramanian,Latur,baradyachana@example.org,+913185390407
240,Nathan Cheema,Hindupur,aditya27@example.com,07057502830
241,Jagvi Randhawa,Gurgaon,bhattqadim@example.net,+910183115486
242,Jack Hans,Gopalpur,kiaan74@example.com,4349372906
243,Panini Chacko,Tezpur,peter98@example.net,+914448998773
244,Sathvik Pradhan,Jalna,rachanapurohit@example.com,03113236394
245,Ishani Kalita,Surendranagar Dudhrej,balendra12@example.org,06130135319
246,Yashvi Doshi,Bettiah,arinbhardwaj@example.net,+918074411599
247,Qabil Kulkarni,Aurangabad,fshukla@example.org,4347578858
248,Advaith Bedi,Darbhanga,qasim67@example.net,08666614298
249,Dominic Issac,Miryalaguda,dchaudhari@example.net,+918946980563
250,Noah Chandra,Kurnool,leena77@example.net,01510891743
251,Wakeeta Merchant,Raiganj,nhora@example.net,01017869059
252,Jai Nazareth,Tadipatri,falguni53@example.com,+914824908112
253,Benjamin Grewal,Siliguri,anika08@example.com,04134425364
254,Lajita Mahal,Sultan Pur Majra,wazir30@example.net,8056360677
255,Dakshesh Varma,Jaipur,gollaekbal@example.org,00720611872
256,Ladli Parsa,Bhilai,chanchal96@example.com,07858809767
257,Nathaniel Chaudhry,Madurai,logankorpal@example.net,1332603974
258,Vivaan Gour,Bathinda,nisha40@example.org,7993642323
259,Omya Nazareth,Srinagar,dkhosla@example.org,4768100258
260,William Tella,Chittoor,kalpitbanerjee@example.org,5392920617
261,Laksh Gandhi,Dhanbad,mbali@example.com,9044063754
262,Siya Sengupta,Rewa,twalla@example.org,00565610506
263,Isaiah Sidhu,Aurangabad,vasatikadass@example.com,+918795443734
264,Elijah Bose,Ramgarh,hritikdasgupta@example.net,+918302732313
265,Urvashi Sane,Bhimavaram,uratta@example.com,8197567254
266,Urvashi Tata,Allahabad,neelima12@example.net,01525608641
267,Nidhi Hayre,Tadepalligudem,ereddy@example.net,03680635861
268,David Anne,Bilaspur,jagdish89@example.org,06433566564
269,Upma Venkatesh,Junagadh,choudhrynakul@example.net,04950131195
270,Edhitha Sharma,Narasaraopet,ggolla@example.com,+913428758201
271,Qabil Chaudhari,Sasaram,pminhas@example.net,3839766361
272,Azad Iyer,Nadiad,hiral00@example.org,06565089023
273,Nicholas Rajagopal,Kishanganj,tlall@example.net,2566731851
274,Zehaan Cherian,Begusarai,christopherkala@example.net,5160403811
275,Vidhi Narain,Solapur,tanay95@example.com,+916116231735
276,Daksh Bhatnagar,Guwahati,arama@example.com,+913505625053
277,Tanmayi Loyal,Jamshedpur,anshrai@example.com,+911890744350
278,Dominic Pillai,Bhiwani,buchleena@example.org,2236964371
279,Udyati Sen,Mira-Bhayandar,joshuamane@example.com,+918871185432
280,Mugdha Issac,Hyderabad,charles90@example.net,+917032132114
281,Ekalinga Sharma,Bhavnagar,priyapillay@example.org,+912711083029
282,Dominic Dara,Thoothukudi,anusha10@example.com,7970986623
283,Ekavir Dave,Naihati,priya18@example.com,+910477605390
284,Anthony Banerjee,Naihati,advaith43@example.com,+913220896119
285,Kamala Taneja,Ahmednagar,kuriangarima@example.com,+910373746037
286,Gavin Yadav,Jammu,rbhattacharyya@example.com,05750563018
287,Oviya Rattan,Bareilly,yashicathaman@example.org,2798814069
288,Leela Kari,Phagwara,sben@example.com,09510222724
289,Bakhshi Arora,Dharmavaram,bishakha59@example.net,9193647802
290,Ria Sheth,Navi Mumbai,fitanmurty@example.net,09286721662
291,Falan Khanna,Darbhanga,gunbir02@example.net,02946739160
292,Gauri Deep,Solapur,bedixavier@example.net,03381962043
293,Hemangini Hari,Amaravati,saikohli@example.org,+914306820194
294,Luke Kibe,Dibrugarh,arjuniyengar@example.com,2920530285
295,Warhi Thakkar,Pimpri-Chinchwad,iyeramrita@example.net,04841683738
296,Quincy Palan,Chittoor,beramahika@example.com,3701582958
297,Geetika Peri,Bahraich,psanghvi@example.com,1529780671
298,Saanvi Nath,Ujjain,ekhanna@example.net,+912571130091
299,Odika Sahota,Chapra,nandapranit@example.com,5338693139
300,Reva Venkatesh,Durgapur,kantcaleb@example.com,01191448106
301,Guneet Bahl,Jaunpur,tsarma@example.net,+914691559563
302,Bina Krishnan,Bhubaneswar,hayrejagat@example.org,04052571815
303,Isaiah Padmanabhan,Thrissur,sai03@example.org,06333349630
304,Amara Cheema,Srinagar,narayanancharles@example.com,+919593115675
305,Ekantika Chakraborty,Hubli–Dharwad,joshua13@example.org,8695411804
306,George Ram,Delhi,charles14@example.org,02651201553
307,Viraj Bedi,Bhiwandi,victorrama@example.org,9154728652
308,Osha Naidu,Jamalpur,sacharlibni@example.com,+916168933088
309,Ronith Sheth,Bihar Sharif,akapur@example.com,+916853978962
310,Mason Sankaran,Mau,okrishnan@example.org,+913658881743
311,Ayushman Dora,Durgapur,prishakota@example.net,+916627357909
312,Kamya Dhar,Ballia,ikshitananda@example.org,1815368726
313,Bhavya Tiwari,Sri Ganganagar,rishidoctor@example.org,8871303358
314,Rayaan Som,Nangloi Jat,geetika62@example.com,01358372501
315,Jatin Munshi,Bhiwani,radhikakhatri@example.net,2783202943
316,Anmol Morar,Patiala,tejaspatla@example.net,1661574041
317,Rachana Sunder,Hospet,michael45@example.com,02725087740
318,Krish Maharaj,Parbhani,jayaramanadvik@example.org,+910813917894
319,Parth Chokshi,Giridih,ypradhan@example.com,6803545114
320,Yashodhara Karnik,Mathura,emitra@example.net,2572029977
321,Raagini Modi,Ghaziabad,siyakunda@example.net,+913484231894
322,Riya Reddy,Delhi,fnatarajan@example.com,0312326785
323,Chaaya Savant,Tirupati,nbahl@example.com,7250579256
324,Ekani Bhakta,Karawal Nagar,vihaankapoor@example.org,04328724315
325,Urishilla Goyal,Ludhiana,yoshitakunda@example.org,05809803582
326,Yamini Kaur,Korba,pranav77@example.net,4117348667
327,Raksha Ganesan,Firozabad,ytalwar@example.com,08422217759
328,Yoshita Vala,Serampore,zbalan@example.org,7711441430
329,Qasim Ben,Guna,harita21@example.net,03477112405
330,Qadim Padmanabhan,Kakinada,hemang20@example.net,06746432745
331,Xalak Ganesan,Jammu,subramanianrushil@example.net,0136261922
332,Naksh Tailor,Giridih,benjaminsengupta@example.com,05499096488
333,Damini Khare,Guwahati,psekhon@example.com,+911775800191
334,Qushi Agarwal,Ghaziabad,boramanan@example.net,+918292803173
335,Christopher Andra,Visakhapatnam,nazarethsara@example.org,7218976695
336,Balendra Kari,Bokaro,megha52@example.net,4033279289
337,Ikbal Shah,Ranchi,kumernitara@example.net,+911582361856
338,Warhi Nath,Moradabad,aggarwalsathvik@example.org,+913454536448
339,Baghyawati Thakur,Baranagar,pranganathan@example.net,05922122137
340,Neelima Varty,Solapur,ladzashil@example.org,+919681500371
341,Qarin Bath,Ranchi,pprakash@example.net,+918464160400
342,Mason Dutta,Rajkot,toorlaksh@example.com,09735868544
343,Nisha Kanda,Gandhidham,tanvilad@example.com,6305934809
344,Faraj Soni,Bhilai,brahmbhattbhanumati@example.com,06990032792
345,Upkaar Nagy,Ozhukarai,brinda21@example.net,+911302913477
346,Shaurya Mohan,Darbhanga,ishaan15@example.org,02370431142
347,Harsh Keer,Jaipur,charansur@example.com,5588328322
348,Qabil Suresh,Thrissur,david79@example.com,+910747031215
349,Chanakya Sarraf,Avadi,bhavani62@example.net,+913394975695
350,Indrajit Aggarwal,Tirupati,trai@example.org,05068360758
351,Gauri Bahl,Kirari Suleman Nagar,vaggarwal@example.com,+918025111129
352,Idika Bhat,Avadi,mohammedpandya@example.com,02943050966
353,Indira Kurian,Bilaspur,bhandarihemal@example.net,+912258020700
354,Wishi Konda,Navi Mumbai,abuch@example.net,00826953180
355,Anya Garde,Madanapalle,joshuagoda@example.com,+913613534844
356,Damini Mani,Sonipat,gnath@example.com,05506051530
357,Aditya Bawa,Panvel,viraj44@example.com,+912170179166
358,Tamanna Nadkarni,Srikakulam,girikkaul@example.com,+910569290480
359,Neelima Mani,Srinagar,champakmajumdar@example.org,00401983003
360,Madhav Saxena,Vijayawada,dhillonhema@example.com,7753533494
361,Jairaj Sachdev,Jodhpur,yswamy@example.net,5154548640
362,Aryan Wable,Bulandshahr,chaitaly63@example.org,05773852437
363,Harsh Panchal,Madanapalle,raghavsinha@example.com,+910988239246
364,Hemal Bhasin,Surendranagar Dudhrej,sdube@example.com,0943852543
365,Falan Kala,Udaipur,nkari@example.net,+914387382662
366,Samaksh Golla,Hazaribagh,mahalmadhav@example.org,07744926828
367,Praneel Baral,Rourkela,varsha55@example.net,07117605223
368,Janya Brar,Tiruchirappalli,esuri@example.org,+918016103679
369,Ira Kibe,Haldia,bhavyamodi@example.com,9671324405
370,Ladli Gupta,Pallavaram,abhabarad@example.net,08987390651
371,Chakrika Chad,Siliguri,jeetsubramanian@example.com,9740380447
372,Akshay Pall,Bhimavaram,sachi43@example.net,6423773466
373,Krishna Majumdar,Gandhinagar,samameera@example.com,2170179696
374,Vritti Narain,Karimnagar,dchad@example.org,+917246389353
375,Yadavi Sarin,Hosur,deshpandesudiksha@example.org,+918644379657
376,Sai Mittal,Ramagundam,narulateerth@example.org,+914707108049
377,Jalsa Sangha,Surendranagar Dudhrej,basuaarini@example.org,5987275680
378,Devansh Krishnamurthy,Tadepalligudem,kashvi92@example.com,04204065744
379,Balvan Tak,Ratlam,mekhala12@example.com,09812245936
380,Warhi Pant,Nellore,hitesh24@example.net,01328860976
381,Amrita Gala,Mathura,iryapandya@example.com,+918323744240
382,Devansh Dube,Gandhidham,fariq87@example.com,4261296287
383,Gautam Parekh,Proddatur,nadigishani@example.com,05872480805
384,Girish Raghavan,Guntakal,meera40@example.com,7098726405
385,Faris Jhaveri,Anantapur,srivastavaishanvi@example.net,0831844145
386,Patrick Mahal,Shivpuri,pahalgour@example.com,02802506216
387,Shivansh Rajagopalan,Deoghar,balveerpuri@example.net,6370359108
388,Jason Bawa,Bhopal,qsampath@example.com,0109130068
389,Jacob Grewal,Sasaram,hemanginishetty@example.com,+910257474888
390,Zansi Gulati,Patna,kashvi41@example.com,00240303527
391,Aadhya Jaggi,Amritsar,bhardwajzaid@example.net,+917797764532
392,Atharv Tiwari,Vellore,chadkashvi@example.org,+914763486859
393,Anirudh Sastry,Mango,jhaguneet@example.com,0034579041
394,Mekhala Apte,Tadepalligudem,harini70@example.net,+912994322995
395,Laksh Sankar,Bidar,pratyush39@example.com,06210829447
396,Sai Virk,Bhopal,wgarg@example.org,3476809374
397,Yashica Nair,Surat,ebumb@example.net,01887328117
398,Jagdish Parsa,Dehri,riatailor@example.net,7086595892
399,Dhruv Radhakrishnan,Pune,chatresh31@example.com,9726306929
400,Nakul Din,Berhampore,hanswaida@example.com,00506074837
401,Abhimanyu Bajaj,Vijayanagaram,nbail@example.net,1961075558
402,Logan Joshi,Jalandhar,vedhikaluthra@example.com,08492936352
403,Yatin Nadig,Machilipatnam,vasatikachacko@example.org,5367405460
404,Oviya Bakshi,Secunderabad,wprabhu@example.com,2883982967
405,Maya Issac,Sirsa,ekaja30@example.net,+919140945174
406,Yug Suri,Navi Mumbai,sara37@example.net,+916893618349
407,Pushti Som,Firozabad,bailjacob@example.org,00903154438
408,Frado Mane,Asansol,bishakhakhare@example.net,2034759229
409,Bhavya Naidu,Aurangabad,pavani49@example.org,+917928057865
410,Barkha Dara,Alappuzha,wbala@example.org,03892198132
411,Triya Arya,Chennai,yaminisama@example.com,06760024127
412,Madhavi Kata,Raebareli,daksheshpatla@example.org,+913192270254
413,Eshana Maharaj,Thoothukudi,jgrover@example.com,+910107554244
414,Panini Misra,Ajmer,nrege@example.net,+919399640165
415,Luke Khatri,Kolhapur,wmohan@example.org,+911736801473
416,Charita Dora,Ghaziabad,rushil78@example.com,03385755420
417,Chaman Chahal,Begusarai,ochanda@example.com,1152453568
418,Nachiket Brar,Ambala,jyoti77@example.org,5039845548
419,Neel Yogi,Anantapuram,amohanty@example.com,0428872240
420,Abhiram Sane,Shimla,pillayalexander@example.net,06976935851
421,Yadavi Kala,Thrissur,warjas67@example.com,+916906038353
422,Panini Deol,Saharanpur,geetikadewan@example.org,1512528550
423,Ekanta Buch,Ghaziabad,ansh08@example.com,05013954295
424,Omkaar Palan,Dibrugarh,samizinal@example.com,6435224070
425,Chandani Mukherjee,Satna,sai77@example.com,08311167874
426,Benjamin Master,Jehanabad,vganguly@example.net,03378891341
427,Ekaraj Ramaswamy,Asansol,taraklal@example.org,1366602360
428,Kashish Deshpande,Gaya,flad@example.com,4471215419
429,Manan Chowdhury,Jaipur,kkrishna@example.com,+911811783231
430,Urvashi Vasa,Pune,chanakya69@example.org,+916824181375
431,Noah Shere,Panchkula,nirja43@example.net,+912222993609
432,Jason Sarraf,Mangalore,tbajaj@example.com,+911820245835
433,Gautam Peri,Lucknow,anmolmodi@example.com,2406532587
434,Yasti Datta,Rajpur Sonarpur,zbahri@example.net,3761378376
435,Waida Ganesan,Panipat,bravi@example.net,3709403284
436,Jalsa Srinivas,Muzaffarnagar,kashish94@example.com,2196567492
437,Wyatt Ahuja,Raipur,rattikamala@example.net,+916508801270
438,Zehaan Chandra,Secunderabad,sathvik66@example.org,+917404845537
439,Nidra Barad,Jorhat,ishanilad@example.com,03444892432
440,Deepa Loke,Bhopal,niteshmani@example.org,+910194678047
441,Advay Khatri,Karaikudi,jagrati24@example.com,+916561972998
442,Chandresh Vasa,Thiruvananthapuram,bhavnamaster@example.com,04733423528
443,Prisha Dara,Firozabad,ntata@example.net,+912380326713
444,Neel Kumar,Eluru,revanadig@example.net,8848667867
445,Sarthak Naidu,Etawah,mallaayush@example.org,06986082607
446,Yamini Lala,Shahjahanpur,sehgalbachittar@example.net,4057877667
447,Radha Sawhney,Gandhinagar,tdyal@example.org,02668175345
448,Darsh Sahota,Naihati,rsekhon@example.net,+919751991618
449,Atharv Mistry,Hubli–Dharwad,karavincent@example.org,06312495973
450,Saanvi Ramakrishnan,Nandyal,amarachoudhary@example.org,+916634679338
451,Vrishti Dugar,Rajpur Sonarpur,jatintalwar@example.com,+911957506706
452,Amruta Venkataraman,Panchkula,krisha66@example.com,06352059875
453,Onveer Kara,Ramgarh,aradhanade@example.com,7415185223
454,Vinaya Loke,Siliguri,tarakchakraborty@example.net,+916828813802
455,Leena Narang,Shimoga,igara@example.com,7856379134
456,Logan Barad,Kalyan-Dombivli,tejasraman@example.net,04367991244
457,Riya Sekhon,Silchar,qdoshi@example.org,1484556680
458,Warinder Ganesh,Amaravati,arin75@example.com,07973966239
459,Anamika Comar,Tiruppur,ekantika50@example.org,+914595659744
460,Maanas Modi,Shimla,christopherkunda@example.com,+917864707373
461,Ansh Nagarajan,Vijayawada,divanfarhan@example.org,+918566588453
462,Daniel Sachdev,Rohtak,pghose@example.net,1629032460
463,Neel Bhatnagar,Chandigarh,vbhasin@example.net,1094055205
464,Damini Bhakta,Munger,tchoudhary@example.org,6988129941
465,Falan Dora,Bareilly,tailorkrish@example.net,+916824250469
466,Mason Kara,Sagar,faras98@example.net,4421370503
467,Mitesh Balan,Salem,ishani06@example.org,07895734627
468,Vedika Chaudhry,Eluru,oacharya@example.org,02108208485
469,Edhitha Kaur,Tiruvottiyur,tanveer22@example.net,+912712093396
470,Karan Sawhney,Hubli–Dharwad,rajatabarad@example.com,3009741974
471,Raghav Kaul,Raurkela Industrial Township,hemaldevi@example.org,03467522201
472,Faris Chatterjee,Dehradun,prout@example.org,2810727852
473,Ishani Kadakia,Bilaspur,lavanya51@example.net,4137867927
474,Ishwar Wason,Bhilwara,dhruv00@example.net,5220115173
475,Victor Pall,Jalna,qsathe@example.net,+911563720331
476,Krishna Rao,Dindigul,lekhakeer@example.com,09704798517
477,Andrew Johal,Bilaspur,nandini14@example.com,+919701320726
478,Vrishti Lala,Mahbubnagar,surgaurangi@example.com,01451817404
479,Lavanya Dara,Mehsana,ohayre@example.net,+919318563988
480,Zansi Rastogi,Sirsa,aishaniraghavan@example.org,3466206133
481,Irya Bhardwaj,Amravati,lokediya@example.com,+912356578354
482,Jalsa Prashad,Ludhiana,sampathrobert@example.com,9020427906
483,Mekhala Prakash,Bhilai,nvohra@example.org,6752260591
484,Nidhi Lanka,Varanasi,rbaral@example.com,08452880125
485,Jackson Divan,Buxar,karan30@example.org,+917046047466
486,Aarush Puri,Nashik,garima42@example.com,1755238154
487,Garima Keer,Aurangabad,dalaja54@example.org,+916712912319
488,Tanish Narain,Vasai-Virar,amrutakant@example.org,7355860157
489,Aarini Raghavan,Adoni,yachana60@example.com,1899638178
490,Gunbir Dhar,Nagaon,janani60@example.net,04370134054
491,Andrew Raghavan,Gwalior,jjani@example.org,04699738684
492,Yashodhara Pandya,Guntakal,samesh01@example.net,7725912089
493,Ubika Natarajan,Pondicherry,mishraupma@example.org,+916488693205
494,Bachittar Barman,Mira-Bhayandar,siyashetty@example.org,4784542603
495,Bimala Garde,Serampore,ira90@example.org,05774764124
496,Falak Murty,Berhampore,vjain@example.org,2537260329
497,Yadavi Rout,Munger,basakyatin@example.com,03261310723
498,Jhalak Wali,Nangloi Jat,chakradhar95@example.org,2520233671
499,Faris Narain,Raiganj,mbasu@example.org,1447153667
500,Thomas Mander,Ambarnath,mitesh41@example.com,+919181607762
